Date,PSEI
2006-10-30,2708.189941
2006-10-31,2708.5
2006-11-01,2708.5
2006-11-02,2721.780029
2006-11-03,2766.860107
2006-11-06,2763.889893
2006-11-07,2792.73999
2006-11-08,2755.280029
2006-11-09,2818.830078
2006-11-10,2839.379883
2006-11-13,2821.919922
2006-11-14,2801.790039
2006-11-15,2791.48999
2006-11-16,2818.590088
2006-11-17,2842.540039
2006-11-20,2843.310059
2006-11-21,2825.409912
2006-11-22,2855.22998
2006-11-23,2814.560059
2006-11-24,2817.840088
2006-11-27,2817.560059
2006-11-28,2779.139893
2006-11-29,2745.560059
2006-11-30,2788.459961
2006-12-01,2788.459961
2006-12-04,2795.300049
2006-12-05,2808.090088
2006-12-06,2797.790039
2006-12-07,2796.179932
2006-12-08,2831.399902
2006-12-11,2841.77002
2006-12-12,2840.820068
2006-12-13,2835.860107
2006-12-14,2833.27002
2006-12-15,2856.290039
2006-12-18,2877.830078
2006-12-19,2849.709961
2006-12-20,2829.570068
2006-12-21,2862.51001
2006-12-22,2858.310059
2006-12-27,2883.469971
2006-12-28,2943.379883
2006-12-29,2982.540039
2007-01-02,2976.850098
2007-01-03,3020.699951
2007-01-04,3012.73999
2007-01-05,2996.389893
2007-01-08,2952.320068
2007-01-09,2972.320068
2007-01-10,2951.080078
2007-01-11,2940.159912
2007-01-12,2992.330078
2007-01-15,3019.060059
2007-01-16,3070.290039
2007-01-17,3041.560059
2007-01-18,3081.72998
2007-01-19,3085.179932
2007-01-22,3141.280029
2007-01-23,3199.340088
2007-01-24,3244.75
2007-01-25,3275.189941
2007-01-26,3162.820068
2007-01-29,3177.360107
2007-01-30,3196.659912
2007-01-31,3239.27002
2007-02-01,3245.26001
2007-02-02,3269.179932
2007-02-05,3281.899902
2007-02-06,3271.969971
2007-02-07,3232.389893
2007-02-08,3196.080078
2007-02-09,3245.810059
2007-02-12,3234.159912
2007-02-13,3233.909912
2007-02-14,3300.939941
2007-02-15,3379.370117
2007-02-16,3333.560059
2007-02-19,3329.030029
2007-02-20,3375.310059
2007-02-21,3378.919922
2007-02-22,3365.530029
2007-02-23,3389.370117
2007-02-26,3380
2007-02-27,3331.290039
2007-02-28,3067.449951
2007-03-01,3190.120117
2007-03-02,3140.340088
2007-03-05,2997.879883
2007-03-06,2973.27002
2007-03-07,3063.26001
2007-03-08,3028.370117
2007-03-09,3099.820068
2007-03-12,3124.959961
2007-03-13,3181.959961
2007-03-14,3074.280029
2007-03-15,3043.610107
2007-03-16,3062.25
2007-03-19,3041.379883
2007-03-20,3039.310059
2007-03-21,3090.469971
2007-03-22,3178.320068
2007-03-23,3170.050049
2007-03-26,3150.040039
2007-03-27,3174.75
2007-03-28,3162.810059
2007-03-29,3151.719971
2007-03-30,3203.550049
2007-04-02,3229.600098
2007-04-03,3248
2007-04-04,3294.22998
2007-04-10,3304.419922
2007-04-11,3294.209961
2007-04-12,3223.219971
2007-04-13,3217.070068
2007-04-16,3267.860107
2007-04-17,3318.169922
2007-04-18,3295.280029
2007-04-19,3238.060059
2007-04-20,3254.76001
2007-04-23,3319.01001
2007-04-24,3291.929932
2007-04-25,3309.429932
2007-04-26,3350.340088
2007-04-27,3318.379883
2007-04-30,3270.72998
2007-05-02,3271.98999
2007-05-03,3271.530029
2007-05-04,3278.47998
2007-05-07,3329.889893
2007-05-08,3333.949951
2007-05-09,3345.97998
2007-05-10,3342.209961
2007-05-11,3364.610107
2007-05-14,3364.610107
2007-05-15,3408.72998
2007-05-16,3409.199951
2007-05-17,3417.689941
2007-05-18,3449.179932
2007-05-21,3466.340088
2007-05-22,3505.030029
2007-05-23,3466.560059
2007-05-24,3470.77002
2007-05-25,3441.76001
2007-05-28,3443.560059
2007-05-29,3452.620117
2007-05-30,3398.550049
2007-05-31,3474.669922
2007-06-01,3547.350098
2007-06-04,3622.939941
2007-06-05,3608.139893
2007-06-06,3570.469971
2007-06-07,3528.790039
2007-06-08,3526.72998
2007-06-11,3526.72998
2007-06-13,3543.820068
2007-06-14,3628.620117
2007-06-15,3671.290039
2007-06-18,3680.550049
2007-06-19,3667.139893
2007-06-20,3718.879883
2007-06-21,3714.590088
2007-06-22,3701.159912
2007-06-25,3652.919922
2007-06-26,3656.550049
2007-06-27,3585.300049
2007-06-28,3642.72998
2007-06-29,3660.860107
2007-07-02,3682.72998
2007-07-04,3724.560059
2007-07-05,3791.419922
2007-07-06,3751.02002
2007-07-09,3736.26001
2007-07-10,3713.219971
2007-07-11,3696.51001
2007-07-12,3756.75
2007-07-13,3786.02002
2007-07-16,3753.26001
2007-07-17,3729.679932
2007-07-18,3734.800049
2007-07-19,3702.909912
2007-07-20,3738.280029
2007-07-23,3737.790039
2007-07-24,3706.23999
2007-07-25,3645.51001
2007-07-26,3659.679932
2007-07-27,3518.76001
2007-07-30,3467.459961
2007-07-31,3501.199951
2007-08-01,3426.449951
2007-08-02,3359.02002
2007-08-03,3352.23999
2007-08-06,3256.98999
2007-08-07,3348.340088
2007-08-08,3375.909912
2007-08-09,3385.199951
2007-08-10,3281.959961
2007-08-13,3267.030029
2007-08-14,3263.560059
2007-08-15,3130.340088
2007-08-16,2942.310059
2007-08-17,2884.340088
2007-08-21,3167.52002
2007-08-22,3139.459961
2007-08-23,3229.149902
2007-08-24,3206.939941
2007-08-28,3251.77002
2007-08-29,3209.530029
2007-08-30,3320.340088
2007-08-31,3365.290039
2007-09-03,3369.139893
2007-09-04,3312.300049
2007-09-05,3342.350098
2007-09-06,3326.530029
2007-09-07,3332.969971
2007-09-10,3281.080078
2007-09-11,3267.969971
2007-09-12,3307.600098
2007-09-13,3289.219971
2007-09-14,3294.550049
2007-09-17,3307.429932
2007-09-18,3289.75
2007-09-19,3362.97998
2007-09-20,3442.379883
2007-09-21,3423.72998
2007-09-24,3434.449951
2007-09-25,3440.669922
2007-09-26,3475.75
2007-09-27,3577.51001
2007-09-28,3572.899902
2007-10-01,3597.919922
2007-10-02,3677.189941
2007-10-03,3769.820068
2007-10-04,3775.459961
2007-10-05,3775.909912
2007-10-08,3873.5
2007-10-09,3776
2007-10-10,3834.709961
2007-10-11,3824.199951
2007-10-12,3824.199951
2007-10-15,3861.379883
2007-10-16,3815.219971
2007-10-17,3760.040039
2007-10-18,3771.120117
2007-10-19,3819.75
2007-10-22,3667.870117
2007-10-23,3697.169922
2007-10-24,3763.469971
2007-10-25,3767.780029
2007-10-26,3784.879883
2007-10-29,3784.879883
2007-10-30,3783.429932
2007-10-31,3758.969971
2007-11-01,3758.969971
2007-11-02,3758.969971
2007-11-05,3774.810059
2007-11-06,3773.629883
2007-11-07,3788.26001
2007-11-08,3692.100098
2007-11-09,3703.659912
2007-11-12,3618.370117
2007-11-13,3599.48999
2007-11-14,3681.620117
2007-11-15,3672.219971
2007-11-16,3598.959961
2007-11-19,3645.219971
2007-11-20,3540.610107
2007-11-21,3510.48999
2007-11-22,3478.939941
2007-11-23,3494.439941
2007-11-26,3537.290039
2007-11-27,3524.189941
2007-11-28,3537
2007-11-29,3578.550049
2007-12-03,3626.879883
2007-12-04,3644.449951
2007-12-05,3648.709961
2007-12-06,3733.959961
2007-12-07,3745.389893
2007-12-10,3675.52002
2007-12-11,3672.379883
2007-12-12,3605.590088
2007-12-13,3626.209961
2007-12-14,3538.689941
2007-12-17,3486.820068
2007-12-18,3470.209961
2007-12-19,3466.280029
2007-12-20,3491.959961
2007-12-21,3532.97998
2007-12-24,3532.97998
2007-12-26,3612.629883
2007-12-27,3667.639893
2007-12-28,3621.600098
2008-01-02,3617.290039
2008-01-03,3501.379883
2008-01-04,3479.370117
2008-01-07,3388.810059
2008-01-08,3420.560059
2008-01-09,3416.080078
2008-01-10,3454.600098
2008-01-11,3503.699951
2008-01-14,3482.280029
2008-01-15,3447.290039
2008-01-16,3351.659912
2008-01-17,3248.889893
2008-01-18,3168.300049
2008-01-21,3152.300049
2008-01-22,2978.409912
2008-01-23,3058.26001
2008-01-24,3147.419922
2008-01-25,3237.409912
2008-01-28,3203.560059
2008-01-29,3224.23999
2008-01-30,3256.530029
2008-01-31,3266
2008-02-01,3294.080078
2008-02-04,3323.25
2008-02-05,3283.560059
2008-02-06,3228.840088
2008-02-07,3223.199951
2008-02-08,3241.129883
2008-02-11,3179.47998
2008-02-12,3200.899902
2008-02-13,3223.350098
2008-02-14,3211.600098
2008-02-15,3182.850098
2008-02-18,3163.25
2008-02-19,3190.669922
2008-02-20,3181.050049
2008-02-21,3176.060059
2008-02-22,3080.23999
2008-02-26,3079.540039
2008-02-27,3105
2008-02-28,3112.850098
2008-02-29,3129.98999
2008-03-03,3079.98999
2008-03-04,3108.719971
2008-03-05,3092.649902
2008-03-06,3116.840088
2008-03-07,3028.72998
2008-03-10,2908.879883
2008-03-11,2909
2008-03-12,2953.389893
2008-03-13,2940.469971
2008-03-14,2906.530029
2008-03-17,2793.679932
2008-03-18,2777.419922
2008-03-19,2817.580078
2008-03-24,2867.5
2008-03-25,2892.199951
2008-03-26,2918.370117
2008-03-27,2925.909912
2008-03-28,2956.02002
2008-03-31,2984.669922
2008-04-01,2969.830078
2008-04-02,3048.310059
2008-04-03,3034.810059
2008-04-04,2983.040039
2008-04-08,2981.120117
2008-04-09,2961.780029
2008-04-10,2955.110107
2008-04-11,2940.97998
2008-04-14,2918.27002
2008-04-15,2904.72998
2008-04-16,2921.73999
2008-04-17,2940.47998
2008-04-18,2915.669922
2008-04-21,2890.919922
2008-04-22,2855.75
2008-04-23,2824.810059
2008-04-24,2844.02002
2008-04-25,2777.929932
2008-04-28,2739.439941
2008-04-29,2754.290039
2008-04-30,2749.77002
2008-05-01,2749.77002
2008-05-02,2722.949951
2008-05-06,2727.699951
2008-05-07,2739.429932
2008-05-08,2760.620117
2008-05-09,2779.419922
2008-05-12,2803.48999
2008-05-13,2849.290039
2008-05-14,2862.530029
2008-05-15,2878.26001
2008-05-16,2879.949951
2008-05-19,2877.459961
2008-05-20,2896.149902
2008-05-21,2872.449951
2008-05-22,2838.580078
2008-05-23,2849.280029
2008-05-26,2840.52002
2008-05-27,2855.97998
2008-05-28,2833.27002
2008-05-29,2802.219971
2008-05-30,2827.439941
2008-06-02,2825.889893
2008-06-03,2782.800049
2008-06-04,2773.120117
2008-06-05,2718.419922
2008-06-06,2739.699951
2008-06-09,2739.699951
2008-06-10,2645.949951
2008-06-11,2579.280029
2008-06-12,2544.889893
2008-06-13,2554.75
2008-06-17,2637.26001
2008-06-18,2628.199951
2008-06-19,2592.590088
2008-06-20,2578.570068
2008-06-23,2499.379883
2008-06-24,2474.870117
2008-06-25,2510.800049
2008-06-26,2521.610107
2008-06-27,2466.280029
2008-06-30,2459.97998
2008-07-01,2415.25
2008-07-02,2393.899902
2008-07-03,2339.840088
2008-07-04,2369.209961
2008-07-07,2414.659912
2008-07-08,2450.550049
2008-07-09,2481.530029
2008-07-10,2450.620117
2008-07-11,2437.98999
2008-07-14,2457.27002
2008-07-15,2413.26001
2008-07-16,2373.699951
2008-07-17,2393.620117
2008-07-18,2389.52002
2008-07-21,2416.620117
2008-07-22,2409.97998
2008-07-23,2462.939941
2008-07-24,2535.909912
2008-07-25,2512.719971
2008-07-28,2540.810059
2008-07-29,2526.040039
2008-07-30,2583.830078
2008-07-31,2577.100098
2008-08-01,2584.209961
2008-08-04,2599.98999
2008-08-05,2602.379883
2008-08-06,2697.209961
2008-08-07,2684.639893
2008-08-08,2692.810059
2008-08-11,2768.52002
2008-08-12,2755.860107
2008-08-13,2721.939941
2008-08-14,2727.280029
2008-08-15,2725.149902
2008-08-19,2691.199951
2008-08-20,2681.659912
2008-08-21,2656.919922
2008-08-22,2653.179932
2008-08-26,2637.649902
2008-08-27,2646.699951
2008-08-28,2655.75
2008-08-29,2688.090088
2008-09-01,2686.52002
2008-09-02,2708.25
2008-09-03,2750.030029
2008-09-04,2754.050049
2008-09-05,2724.719971
2008-09-08,2728.530029
2008-09-09,2721.52002
2008-09-10,2709.48999
2008-09-11,2672.560059
2008-09-12,2646.120117
2008-09-15,2536.159912
2008-09-16,2421.719971
2008-09-17,2457
2008-09-18,2352.370117
2008-09-19,2462.790039
2008-09-22,2520.129883
2008-09-23,2486.290039
2008-09-24,2510.320068
2008-09-25,2566.370117
2008-09-26,2597.22998
2008-09-29,2607.580078
2008-09-30,2569.649902
2008-10-01,2569.649902
2008-10-03,2566.209961
2008-10-06,2499.530029
2008-10-07,2424.189941
2008-10-08,2307.73999
2008-10-09,2288.439941
2008-10-10,2097.800049
2008-10-13,2118.75
2008-10-14,2273.649902
2008-10-15,2238.409912
2008-10-16,2122.370117
2008-10-17,2098.26001
2008-10-20,2062.879883
2008-10-21,2116.73999
2008-10-22,2093.01001
2008-10-23,1995.920044
2008-10-24,1953.48999
2008-10-27,1713.829956
2008-10-28,1704.410034
2008-10-29,1780.640015
2008-10-30,1864.930054
2008-10-31,1951.089966
2008-11-03,2025.579956
2008-11-04,2003.040039
2008-11-05,2006.209961
2008-11-06,1941.619995
2008-11-07,1921.339966
2008-11-10,1938.969971
2008-11-11,1948.219971
2008-11-12,1948.719971
2008-11-13,1918.969971
2008-11-14,1978.050049
2008-11-17,1940
2008-11-18,1873.599976
2008-11-19,1908.180054
2008-11-20,1842.329956
2008-11-21,1765.900024
2008-11-24,1799.719971
2008-11-25,1908.180054
2008-11-26,1932.910034
2008-11-27,1967.01001
2008-11-28,1971.569946
2008-12-02,1879.869995
2008-12-03,1905.280029
2008-12-04,1890.890015
2008-12-05,1888.959961
2008-12-08,1908.680054
2008-12-09,1935.069946
2008-12-10,1938.819946
2008-12-11,1933.119995
2008-12-12,1893.73999
2008-12-15,1913.26001
2008-12-16,1889.319946
2008-12-17,1904.560059
2008-12-18,1901.459961
2008-12-19,1903.530029
2008-12-22,1840.939941
2008-12-23,1862.189941
2008-12-24,1872.849976
2008-12-26,1872.849976
2008-12-30,1872.849976
2009-01-02,1872.849976
2009-01-05,1974.689941
2009-01-06,1969.579956
2009-01-07,2003.890015
2009-01-08,1970.719971
2009-01-09,1984.880005
2009-01-12,1997.829956
2009-01-13,1996.040039
2009-01-14,1984.920044
2009-01-15,1954.969971
2009-01-16,1950.130005
2009-01-19,1922.98999
2009-01-20,1897.930054
2009-01-21,1840.119995
2009-01-22,1863.52002
2009-01-23,1857.339966
2009-01-26,1869.920044
2009-01-27,1880.810059
2009-01-28,1869.560059
2009-01-29,1860.689941
2009-01-30,1825.089966
2009-02-02,1833.569946
2009-02-03,1826.130005
2009-02-04,1847.550049
2009-02-05,1892.069946
2009-02-06,1942.47998
2009-02-09,1951.459961
2009-02-10,1917.569946
2009-02-11,1897.75
2009-02-12,1924.099976
2009-02-13,1919.660034
2009-02-16,1915.790039
2009-02-17,1899.900024
2009-02-18,1892.22998
2009-02-19,1899.800049
2009-02-20,1881.439941
2009-02-24,1869.589966
2009-02-25,1887.099976
2009-02-26,1880.380005
2009-02-27,1872.219971
2009-03-02,1856.430054
2009-03-03,1859.97998
2009-03-04,1885.920044
2009-03-05,1924.300049
2009-03-06,1920.160034
2009-03-09,1890.619995
2009-03-10,1873.219971
2009-03-11,1901.420044
2009-03-12,1879.670044
2009-03-13,1856.099976
2009-03-16,1769.670044
2009-03-17,1759.329956
2009-03-18,1770.280029
2009-03-19,1780.26001
2009-03-20,1833.900024
2009-03-23,1879.089966
2009-03-24,1917.689941
2009-03-25,1939.540039
2009-03-26,1988.26001
2009-03-27,2040.25
2009-03-30,2023.109985
2009-03-31,1986.219971
2009-04-01,1967.280029
2009-04-02,1982.880005
2009-04-03,2028.589966
2009-04-06,2028.589966
2009-04-07,2051.689941
2009-04-08,2072.810059
2009-04-09,2072.810059
2009-04-13,2043.199951
2009-04-14,2037.089966
2009-04-15,2022.48999
2009-04-16,2064.659912
2009-04-17,2094.129883
2009-04-20,2086.719971
2009-04-21,2049.399902
2009-04-22,2073.310059
2009-04-23,2068.300049
2009-04-24,2103.629883
2009-04-27,2085.629883
2009-04-28,2063.5
2009-04-29,2061.050049
2009-04-30,2103.5
2009-05-04,2137.620117
2009-05-05,2197.199951
2009-05-06,2206.22998
2009-05-07,2238.919922
2009-05-08,2241.97998
2009-05-11,2265.550049
2009-05-12,2253.909912
2009-05-13,2283.600098
2009-05-14,2264.22998
2009-05-15,2308.699951
2009-05-18,2279.370117
2009-05-19,2309.580078
2009-05-20,2333.76001
2009-05-21,2333.790039
2009-05-22,2316.889893
2009-05-25,2334.620117
2009-05-26,2309.679932
2009-05-27,2356.379883
2009-05-28,2354.370117
2009-05-29,2389.310059
2009-06-01,2458.649902
2009-06-02,2490.419922
2009-06-03,2471.189941
2009-06-04,2494.23999
2009-06-05,2528.679932
2009-06-08,2517.72998
2009-06-09,2488.26001
2009-06-10,2530.719971
2009-06-11,2598.800049
2009-06-15,2612.850098
2009-06-16,2514.169922
2009-06-17,2441.75
2009-06-18,2434.26001
2009-06-19,2398.300049
2009-06-22,2411.879883
2009-06-23,2370.060059
2009-06-24,2415.830078
2009-06-25,2467.560059
2009-06-26,2477.439941
2009-06-29,2468.050049
2009-06-30,2437.98999
2009-07-01,2432.889893
2009-07-02,2438.040039
2009-07-03,2431.340088
2009-07-06,2449.100098
2009-07-07,2471.76001
2009-07-08,2461.98999
2009-07-09,2473.850098
2009-07-10,2487.219971
2009-07-13,2483.389893
2009-07-14,2492.300049
2009-07-15,2515.949951
2009-07-16,2553.959961
2009-07-17,2553.959961
2009-07-20,2587.909912
2009-07-21,2593.51001
2009-07-22,2612.379883
2009-07-23,2612
2009-07-24,2676.469971
2009-07-27,2732.620117
2009-07-28,2768.76001
2009-07-29,2803.389893
2009-07-30,2764.97998
2009-07-31,2798.330078
2009-08-03,2835.110107
2009-08-04,2886.959961
2009-08-05,2886.959961
2009-08-06,2841.209961
2009-08-07,2782.97998
2009-08-10,2850.580078
2009-08-11,2860.540039
2009-08-12,2828.52002
2009-08-13,2856.060059
2009-08-14,2850.01001
2009-08-17,2771.179932
2009-08-18,2731.550049
2009-08-19,2760.889893
2009-08-20,2720.179932
2009-08-24,2859.179932
2009-08-25,2858.149902
2009-08-26,2863.530029
2009-08-27,2881.399902
2009-08-28,2884.179932
2009-09-01,2852.929932
2009-09-02,2808.209961
2009-09-03,2803.310059
2009-09-04,2830.98999
2009-09-07,2830.98999
2009-09-08,2852.47998
2009-09-09,2829.409912
2009-09-10,2835.909912
2009-09-11,2870.830078
2009-09-14,2821.72998
2009-09-15,2789.360107
2009-09-16,2768.610107
2009-09-17,2771.969971
2009-09-18,2789.330078
2009-09-21,2789.330078
2009-09-22,2784.780029
2009-09-23,2842.51001
2009-09-24,2837.340088
2009-09-25,2821.340088
2009-09-28,2784.649902
2009-09-29,2807.320068
2009-09-30,2800.820068
2009-10-01,2829.02002
2009-10-02,2820.030029
2009-10-05,2819.47998
2009-10-06,2884.459961
2009-10-07,2967.060059
2009-10-08,2968.02002
2009-10-09,2942.780029
2009-10-12,2930.969971
2009-10-13,2930.090088
2009-10-14,2930.699951
2009-10-15,2942.790039
2009-10-16,2922.820068
2009-10-19,2932.199951
2009-10-20,2945.26001
2009-10-21,2919.899902
2009-10-22,2888.719971
2009-10-23,2932.98999
2009-10-26,2941.530029
2009-10-27,2935.73999
2009-10-28,2908.209961
2009-10-29,2862.330078
2009-10-30,2908.5
2009-11-02,2908.5
2009-11-03,2908.23999
2009-11-04,2907.629883
2009-11-05,2944.51001
2009-11-06,2931.469971
2009-11-09,2915.709961
2009-11-10,2996.709961
2009-11-11,3047.139893
2009-11-12,3073.919922
2009-11-13,3034.320068
2009-11-16,3011.360107
2009-11-17,3032.090088
2009-11-18,3052.610107
2009-11-19,3083.300049
2009-11-20,3068.72998
2009-11-23,3048
2009-11-24,3074.659912
2009-11-25,3064.300049
2009-11-26,3089.820068
2009-11-27,3044.969971
2009-12-01,3097.919922
2009-12-02,3119.959961
2009-12-03,3090.909912
2009-12-04,3061.98999
2009-12-07,3046.629883
2009-12-08,3012.070068
2009-12-09,2981.25
2009-12-10,3006.570068
2009-12-11,3031.129883
2009-12-14,3042.100098
2009-12-15,3046.570068
2009-12-16,3032.370117
2009-12-17,3048.149902
2009-12-18,3016.98999
2009-12-21,3020.560059
2009-12-22,3016.159912
2009-12-23,3024.330078
2009-12-24,3024.330078
2009-12-25,3024.330078
2009-12-28,3032.840088
2009-12-29,3052.679932
2009-12-30,3052.679932
2010-01-04,3005.01001
2010-01-05,3028.459961
2010-01-06,3039.929932
2010-01-07,3077.780029
2010-01-08,3077.179932
2010-01-11,3087.350098
2010-01-12,3105.620117
2010-01-13,3096.699951
2010-01-14,3121.909912
2010-01-15,3118.469971
2010-01-18,3106.300049
2010-01-19,3084.570068
2010-01-20,3083.860107
2010-01-21,3085.580078
2010-01-22,3023.469971
2010-01-25,2967.959961
2010-01-26,2955.699951
2010-01-27,2919.47998
2010-01-28,2961.629883
2010-01-29,2953.189941
2010-02-01,2883.209961
2010-02-02,2864.179932
2010-02-03,2884.810059
2010-02-04,2914.870117
2010-02-05,2855.639893
2010-02-08,2846.600098
2010-02-09,2797.610107
2010-02-10,2857.23999
2010-02-11,2908.879883
2010-02-12,2949.649902
2010-02-15,2963.23999
2010-02-16,2967.709961
2010-02-17,3018.669922
2010-02-18,2999.939941
2010-02-19,2978.530029
2010-02-23,3013.139893
2010-02-24,2981.139893
2010-02-25,3031.26001
2010-02-26,3043.75
2010-03-01,3078.909912
2010-03-02,3061.889893
2010-03-03,3069.290039
2010-03-04,3034.129883
2010-03-05,3040.919922
2010-03-08,3094.97998
2010-03-09,3107.350098
2010-03-10,3119.629883
2010-03-11,3125.560059
2010-03-12,3072.909912
2010-03-15,3076.790039
2010-03-16,3085.129883
2010-03-17,3088.050049
2010-03-18,3100.949951
2010-03-19,3097.22998
2010-03-22,3083.889893
2010-03-23,3129.23999
2010-03-24,3166.600098
2010-03-25,3171.139893
2010-03-26,3180.679932
2010-03-29,3177.560059
2010-03-30,3202.169922
2010-03-31,3161.800049
2010-04-05,3186.77002
2010-04-06,3253.47998
2010-04-07,3270.370117
2010-04-08,3256.120117
2010-04-12,3294.830078
2010-04-13,3299.899902
2010-04-14,3299.689941
2010-04-15,3278.840088
2010-04-16,3265.540039
2010-04-19,3203.909912
2010-04-20,3147.5
2010-04-21,3204.469971
2010-04-22,3237.570068
2010-04-23,3244.449951
2010-04-26,3292.590088
2010-04-27,3307.709961
2010-04-28,3284.780029
2010-04-29,3297
2010-04-30,3290.090088
2010-05-04,3290.679932
2010-05-05,3176.850098
2010-05-06,3167.830078
2010-05-07,3142.060059
2010-05-10,3142.060059
2010-05-11,3262.929932
2010-05-12,3269.409912
2010-05-13,3327.689941
2010-05-14,3330.419922
2010-05-17,3289.310059
2010-05-18,3265.070068
2010-05-19,3222.189941
2010-05-20,3213.800049
2010-05-21,3179.360107
2010-05-24,3191.290039
2010-05-25,3102.590088
2010-05-26,3125.149902
2010-05-27,3156.530029
2010-05-28,3252.629883
2010-05-31,3272.72998
2010-06-01,3266.620117
2010-06-02,3289.560059
2010-06-03,3355.22998
2010-06-04,3357.050049
2010-06-07,3266.110107
2010-06-08,3274.26001
2010-06-09,3254.830078
2010-06-10,3224.48999
2010-06-11,3265.439941
2010-06-15,3282.419922
2010-06-16,3307.649902
2010-06-17,3313.52002
2010-06-18,3335.47998
2010-06-21,3357.879883
2010-06-22,3351.689941
2010-06-23,3342.969971
2010-06-24,3333.969971
2010-06-25,3352.459961
2010-06-28,3363.899902
2010-06-29,3372.709961
2010-07-01,3315.26001
2010-07-02,3290.97998
2010-07-05,3311.73999
2010-07-06,3335.709961
2010-07-07,3350.080078
2010-07-08,3398.159912
2010-07-09,3394.560059
2010-07-12,3406.959961
2010-07-13,3435.850098
2010-07-15,3467.629883
2010-07-16,3442.679932
2010-07-19,3424.290039
2010-07-20,3405.689941
2010-07-21,3418.709961
2010-07-22,3414.899902
2010-07-23,3416.100098
2010-07-26,3414.030029
2010-07-27,3436.590088
2010-07-28,3451.909912
2010-07-29,3429.350098
2010-07-30,3426.949951
2010-08-02,3455.23999
2010-08-03,3484.080078
2010-08-04,3503.48999
2010-08-05,3521.100098
2010-08-06,3516.280029
2010-08-09,3524.699951
2010-08-10,3525.810059
2010-08-11,3522.719971
2010-08-12,3483.02002
2010-08-13,3469.52002
2010-08-16,3479.669922
2010-08-17,3502.25
2010-08-18,3534.800049
2010-08-19,3560.389893
2010-08-20,3593.600098
2010-08-24,3530.48999
2010-08-25,3554.149902
2010-08-26,3595.580078
2010-08-27,3558.669922
2010-08-31,3566.22998
2010-09-01,3593.409912
2010-09-02,3666.540039
2010-09-03,3734.699951
2010-09-06,3744.01001
2010-09-07,3775.419922
2010-09-08,3804.72998
2010-09-09,3902.560059
2010-09-13,3972.600098
2010-09-14,3968.290039
2010-09-15,3973.47998
2010-09-16,4005.459961
2010-09-17,3979.350098
2010-09-20,4053.320068
2010-09-21,4087.959961
2010-09-22,4054.179932
2010-09-23,4067.429932
2010-09-24,4078.870117
2010-09-27,4122.830078
2010-09-28,4123.950195
2010-09-29,4111.049805
2010-09-30,4100.069824
2010-10-01,4111.990234
2010-10-04,4188.310059
2010-10-05,4171.870117
2010-10-06,4196.72998
2010-10-07,4245.049805
2010-10-08,4236.97998
2010-10-11,4218.790039
2010-10-12,4166.52002
2010-10-13,4194.060059
2010-10-14,4233.379883
2010-10-15,4216.350098
2010-10-18,4215.109863
2010-10-19,4191.25
2010-10-20,4191.959961
2010-10-21,4249.169922
2010-10-22,4286.870117
2010-10-26,4279.529785
2010-10-27,4285.069824
2010-10-28,4260.689941
2010-10-29,4268.740234
2010-11-02,4341.740234
2010-11-03,4381.859863
2010-11-04,4397.299805
2010-11-05,4349.109863
2010-11-08,4295.620117
2010-11-09,4266.450195
2010-11-10,4197.569824
2010-11-11,4144.410156
2010-11-12,4076.679932
2010-11-15,4139.319824
2010-11-17,4069.310059
2010-11-18,4120.620117
2010-11-19,4203.600098
2010-11-22,4186.890137
2010-11-23,4147.350098
2010-11-25,4097.490234
2010-11-26,4053.580078
2010-11-30,3953.699951
2010-12-01,4002.879883
2010-12-02,4148.899902
2010-12-03,4176.47998
2010-12-06,4223.120117
2010-12-07,4197.919922
2010-12-08,4221.089844
2010-12-09,4209.419922
2010-12-10,4135.75
2010-12-13,4115.379883
2010-12-14,4148.029785
2010-12-15,4089.75
2010-12-16,4039.399902
2010-12-17,4057.330078
2010-12-20,4077.060059
2010-12-21,4091.860107
2010-12-22,4113.689941
2010-12-23,4166.040039
2010-12-28,4163.990234
2010-12-29,4199.310059
2010-12-30,4201.140137
2011-01-03,4215.209961
2011-01-04,4218.72998
2011-01-05,4212.97998
2011-01-06,4217.25
2011-01-07,4202.52002
2011-01-10,4112.580078
2011-01-11,4032.370117
2011-01-12,4037.22998
2011-01-13,4070.110107
2011-01-14,4132.040039
2011-01-17,4148.160156
2011-01-18,4072.590088
2011-01-19,4039.560059
2011-01-20,4006.23999
2011-01-21,3951.040039
2011-01-24,3902.709961
2011-01-25,3960.300049
2011-01-26,3931.639893
2011-01-27,3990.48999
2011-01-28,3970.340088
2011-01-31,3881.469971
2011-02-01,3830.48999
2011-02-02,3891.070068
2011-02-03,3888.550049
2011-02-04,3872.350098
2011-02-07,3880.030029
2011-02-08,3878.47998
2011-02-09,3843.370117
2011-02-10,3738.310059
2011-02-11,3749.149902
2011-02-14,3796.72998
2011-02-15,3790.780029
2011-02-16,3812.040039
2011-02-17,3866.379883
2011-02-18,3851.23999
2011-02-21,3837.439941
2011-02-22,3784.070068
2011-02-23,3757.040039
2011-02-24,3730.840088
2011-02-25,3737.040039
2011-02-28,3766.72998
2011-03-01,3784.22998
2011-03-02,3773.709961
2011-03-03,3834.050049
2011-03-04,3882.709961
2011-03-07,3886.47998
2011-03-08,3898.870117
2011-03-09,3926.860107
2011-03-10,3959.939941
2011-03-11,3924.350098
2011-03-14,3918.699951
2011-03-15,3896.310059
2011-03-16,3878.439941
2011-03-17,3817.379883
2011-03-18,3839.879883
2011-03-21,3844.310059
2011-03-22,3854.139893
2011-03-23,3855.52002
2011-03-24,3841.540039
2011-03-25,3875.810059
2011-03-28,3913.97998
2011-03-29,3907.22998
2011-03-30,4023.73999
2011-03-31,4055.139893
2011-04-01,4129.540039
2011-04-04,4209.430176
2011-04-05,4167.089844
2011-04-06,4212.52002
2011-04-07,4219.430176
2011-04-08,4241.009766
2011-04-11,4227.990234
2011-04-12,4199.47998
2011-04-13,4203.680176
2011-04-14,4234.959961
2011-04-15,4251.640137
2011-04-18,4269.189941
2011-04-19,4245.209961
2011-04-20,4274.77002
2011-04-25,4331.370117
2011-04-26,4305.569824
2011-04-27,4321.319824
2011-04-28,4278.830078
2011-04-29,4319.509766
2011-05-02,4326.759766
2011-05-03,4319.370117
2011-05-04,4298.209961
2011-05-05,4248.680176
2011-05-06,4219.069824
2011-05-09,4257.149902
2011-05-10,4303.129883
2011-05-11,4335.040039
2011-05-12,4312.009766
2011-05-13,4292.109863
2011-05-16,4300.810059
2011-05-17,4261.600098
2011-05-18,4303.310059
2011-05-19,4297.930176
2011-05-20,4285.160156
2011-05-23,4263.189941
2011-05-24,4227.080078
2011-05-25,4190.97998
2011-05-26,4230.560059
2011-05-27,4274.509766
2011-05-30,4295.240234
2011-05-31,4244.640137
2011-06-01,4286.459961
2011-06-02,4324.97998
2011-06-03,4297.620117
2011-06-06,4258.899902
2011-06-07,4236.450195
2011-06-08,4255.439941
2011-06-09,4224.339844
2011-06-10,4219.580078
2011-06-13,4171.540039
2011-06-14,4140.27002
2011-06-15,4201.379883
2011-06-16,4173.080078
2011-06-17,4153.109863
2011-06-21,4211.810059
2011-06-22,4245.279785
2011-06-23,4241.140137
2011-06-24,4291.439941
2011-06-27,4289.290039
2011-06-28,4289.990234
2011-06-29,4249.350098
2011-06-30,4291.209961
2011-07-01,4351.629883
2011-07-04,4421.560059
2011-07-05,4439.609863
2011-07-06,4398.75
2011-07-07,4375.850098
2011-07-08,4391.459961
2011-07-11,4375.859863
2011-07-12,4350.089844
2011-07-13,4404
2011-07-14,4423.549805
2011-07-15,4458.740234
2011-07-18,4476.009766
2011-07-19,4485.649902
2011-07-20,4507.040039
2011-07-21,4480.009766
2011-07-22,4478.359863
2011-07-25,4480.5
2011-07-26,4465.870117
2011-07-27,4482.890137
2011-07-28,4482.799805
2011-07-29,4503.629883
2011-08-01,4550.529785
2011-08-02,4541.22998
2011-08-03,4488.450195
2011-08-04,4501.529785
2011-08-05,4437.549805
2011-08-08,4331.240234
2011-08-09,4157.029785
2011-08-10,4290.140137
2011-08-11,4311.02002
2011-08-12,4321.72998
2011-08-15,4332.629883
2011-08-16,4372.700195
2011-08-17,4340.27002
2011-08-18,4403.540039
2011-08-19,4339.899902
2011-08-22,4291.109863
2011-08-23,4375.390137
2011-08-24,4366.450195
2011-08-25,4342.689941
2011-08-26,4305.560059
2011-08-31,4348.5
2011-09-01,4366.589844
2011-09-02,4392.910156
2011-09-05,4382.560059
2011-09-06,4303.080078
2011-09-07,4315.209961
2011-09-08,4356.72998
2011-09-09,4346.069824
2011-09-12,4296.049805
2011-09-13,4292.910156
2011-09-14,4258.859863
2011-09-15,4291.399902
2011-09-16,4290.169922
2011-09-19,4307.990234
2011-09-20,4219.819824
2011-09-21,4204.290039
2011-09-22,4096.100098
2011-09-23,3885.959961
2011-09-26,3721.219971
2011-09-28,3876.120117
2011-09-29,3877.629883
2011-09-30,3999.649902
2011-10-03,3865.830078
2011-10-04,3829.919922
2011-10-05,3823.129883
2011-10-06,3890.52002
2011-10-07,4009.26001
2011-10-10,4040.580078
2011-10-11,4109.27002
2011-10-12,4119.709961
2011-10-13,4134.47998
2011-10-14,4153.399902
2011-10-17,4214.450195
2011-10-18,4157.259766
2011-10-19,4193.549805
2011-10-20,4170.569824
2011-10-21,4166.600098
2011-10-24,4201.080078
2011-10-25,4242.52002
2011-10-26,4224.759766
2011-10-27,4267.5
2011-10-28,4333.720215
2011-11-02,4260.410156
2011-11-03,4210.25
2011-11-04,4271.720215
2011-11-08,4314.669922
2011-11-09,4346.200195
2011-11-10,4285.060059
2011-11-11,4312.959961
2011-11-14,4356.870117
2011-11-15,4363.72998
2011-11-16,4341.620117
2011-11-17,4334.660156
2011-11-18,4302.430176
2011-11-21,4299.470215
2011-11-22,4289.75
2011-11-23,4271.589844
2011-11-24,4237.649902
2011-11-25,4261.589844
2011-11-28,4227.879883
2011-11-29,4211.040039
2011-12-01,4290.589844
2011-12-02,4290.919922
2011-12-05,4291.720215
2011-12-06,4282.77002
2011-12-07,4315.169922
2011-12-08,4312.890137
2011-12-09,4292.5
2011-12-12,4276.339844
2011-12-13,4282.620117
2011-12-14,4285.930176
2011-12-15,4282.669922
2011-12-16,4304.939941
2011-12-19,4318.120117
2011-12-20,4342.180176
2011-12-21,4368.879883
2011-12-22,4370.459961
2011-12-23,4372.240234
2011-12-26,4387.060059
2011-12-27,4361.430176
2011-12-28,4336.629883
2011-12-29,4371.959961
2012-01-02,4397.080078
2012-01-03,4422.220215
2012-01-04,4487.77002
2012-01-05,4518.910156
2012-01-06,4483.359863
2012-01-10,4561.080078
2012-01-11,4645.859863
2012-01-12,4648.109863
2012-01-13,4613.830078
2012-01-16,4578.919922
2012-01-17,4642.759766
2012-01-18,4677.620117
2012-01-19,4700.370117
2012-01-20,4747.899902
2012-01-24,4714.350098
2012-01-25,4670.490234
2012-01-26,4611.680176
2012-01-27,4679.890137
2012-01-30,4644.490234
2012-01-31,4682.439941
2012-02-01,4715.640137
2012-02-02,4822.080078
2012-02-03,4758.569824
2012-02-06,4816.330078
2012-02-07,4755.97998
2012-02-08,4805.799805
2012-02-09,4769.620117
2012-02-10,4783.52002
2012-02-13,4802.029785
2012-02-14,4775.930176
2012-02-15,4772.470215
2012-02-16,4766.569824
2012-02-17,4880.709961
2012-02-20,4943.839844
2012-02-21,4900.939941
2012-02-22,4934.290039
2012-02-23,4893.47998
2012-02-24,4893
2012-02-27,4799.290039
2012-02-28,4820.430176
2012-02-29,4897.649902
2012-03-01,4938.609863
2012-03-02,5016.299805
2012-03-05,5030.580078
2012-03-06,4967.390137
2012-03-07,4921.359863
2012-03-08,4956.189941
2012-03-09,4980.709961
2012-03-12,4975.169922
2012-03-13,5005.75
2012-03-14,5050.990234
2012-03-15,5031.779785
2012-03-16,5145.890137
2012-03-19,5127
2012-03-20,5102.240234
2012-03-21,5037.939941
2012-03-22,5043.52002
2012-03-23,5042.439941
2012-03-26,5029.629883
2012-03-27,5078.100098
2012-03-28,5067.660156
2012-03-29,5085.240234
2012-03-30,5107.72998
2012-04-02,5110.859863
2012-04-03,5056.47998
2012-04-04,5038.919922
2012-04-10,5022.290039
2012-04-11,5017.439941
2012-04-12,5046.779785
2012-04-13,5097.299805
2012-04-16,5117.459961
2012-04-17,5157.279785
2012-04-18,5186.200195
2012-04-19,5173.279785
2012-04-20,5156.459961
2012-04-23,5163.089844
2012-04-24,5169.600098
2012-04-25,5204.839844
2012-04-26,5218.970215
2012-04-27,5169.049805
2012-04-30,5202.700195
2012-05-02,5228.839844
2012-05-03,5300.410156
2012-05-04,5297.549805
2012-05-07,5229.529785
2012-05-08,5242.060059
2012-05-09,5214.790039
2012-05-10,5192.100098
2012-05-11,5158.140137
2012-05-14,5083.620117
2012-05-15,4977.450195
2012-05-16,4864.22998
2012-05-17,5017.02002
2012-05-18,4879.419922
2012-05-21,4954
2012-05-22,4958.430176
2012-05-23,4928.529785
2012-05-24,4904.220215
2012-05-25,4925.970215
2012-05-28,4952.740234
2012-05-29,5023.109863
2012-05-30,5018.319824
2012-05-31,5091.22998
2012-06-01,5062.439941
2012-06-04,4890.200195
2012-06-05,4925.669922
2012-06-06,4966.580078
2012-06-07,5022.950195
2012-06-08,4994.069824
2012-06-11,5075.850098
2012-06-13,5109.609863
2012-06-14,5020.850098
2012-06-15,4930.629883
2012-06-18,5050.410156
2012-06-19,5081.609863
2012-06-20,5146.459961
2012-06-21,5109.430176
2012-06-22,5120.069824
2012-06-25,5167.200195
2012-06-26,5193.839844
2012-06-27,5257.919922
2012-06-28,5256.149902
2012-06-29,5246.410156
2012-07-02,5300.240234
2012-07-03,5365.700195
2012-07-04,5354.720215
2012-07-05,5369.97998
2012-07-06,5362.680176
2012-07-09,5263.740234
2012-07-10,5240.279785
2012-07-11,5235.439941
2012-07-12,5205.189941
2012-07-13,5214.52002
2012-07-16,5297.990234
2012-07-17,5285.120117
2012-07-18,5220.549805
2012-07-19,5189.370117
2012-07-20,5210.890137
2012-07-23,5139.399902
2012-07-24,5159.740234
2012-07-25,5161.799805
2012-07-26,5152.560059
2012-07-27,5219.549805
2012-07-30,5277.899902
2012-07-31,5307.660156
2012-08-01,5298.720215
2012-08-02,5293.399902
2012-08-03,5285.910156
2012-08-06,5284.160156
2012-08-08,5308.669922
2012-08-09,5256.609863
2012-08-10,5263.350098
2012-08-13,5271.779785
2012-08-14,5265.939941
2012-08-15,5266.660156
2012-08-16,5219.509766
2012-08-17,5206.810059
2012-08-22,5152.149902
2012-08-23,5202.839844
2012-08-24,5143.350098
2012-08-28,5175.620117
2012-08-29,5195.720215
2012-08-30,5149.310059
2012-08-31,5196.189941
2012-09-03,5219.080078
2012-09-04,5175.870117
2012-09-05,5150.810059
2012-09-06,5150.109863
2012-09-07,5201.319824
2012-09-10,5190.810059
2012-09-11,5186.049805
2012-09-12,5207.100098
2012-09-13,5240.5
2012-09-14,5322.470215
2012-09-17,5350.899902
2012-09-18,5331.129883
2012-09-19,5317.029785
2012-09-20,5294.970215
2012-09-21,5292.060059
2012-09-24,5325.600098
2012-09-25,5325.169922
2012-09-26,5292.629883
2012-09-27,5301.490234
2012-09-28,5346.100098
2012-10-01,5308.52002
2012-10-02,5348.680176
2012-10-03,5375.52002
2012-10-04,5443.740234
2012-10-05,5439.839844
2012-10-08,5434.129883
2012-10-09,5394.899902
2012-10-10,5369.600098
2012-10-11,5353.470215
2012-10-12,5369.720215
2012-10-15,5383.220215
2012-10-16,5399.939941
2012-10-17,5438.379883
2012-10-18,5435.939941
2012-10-19,5432.359863
2012-10-22,5424.790039
2012-10-23,5432.319824
2012-10-24,5398.689941
2012-10-25,5405.160156
2012-10-29,5397.419922
2012-10-30,5426.669922
2012-10-31,5424.509766
2012-11-05,5457.819824
2012-11-06,5473.609863
2012-11-07,5437.290039
2012-11-08,5446.709961
2012-11-09,5468.790039
2012-11-12,5470.700195
2012-11-13,5455.919922
2012-11-14,5451.089844
2012-11-15,5414.819824
2012-11-16,5439.279785
2012-11-19,5449.549805
2012-11-20,5500.580078
2012-11-21,5534.180176
2012-11-22,5513.370117
2012-11-23,5552.339844
2012-11-26,5579.419922
2012-11-27,5586.450195
2012-11-28,5633.720215
2012-11-29,5640.450195
2012-12-03,5672.700195
2012-12-04,5706.279785
2012-12-05,5687.720215
2012-12-06,5763.640137
2012-12-07,5794.200195
2012-12-10,5757.540039
2012-12-11,5831.5
2012-12-12,5819.790039
2012-12-13,5787.950195
2012-12-14,5707.109863
2012-12-17,5623.850098
2012-12-18,5636.589844
2012-12-19,5752.390137
2012-12-20,5797.740234
2012-12-21,5823.939941
2012-12-26,5832.830078
2012-12-27,5794.890137
2012-12-28,5812.72998
2013-01-02,5860.990234
2013-01-03,5934.049805
2013-01-04,5971.450195
2013-01-07,6044.910156
2013-01-08,6048.899902
2013-01-09,6091.180176
2013-01-10,6018.569824
2013-01-11,6051.75
2013-01-14,6093.899902
2013-01-15,6087.669922
2013-01-16,6047.52002
2013-01-17,6072.180176
2013-01-18,6139.209961
2013-01-21,6171.700195
2013-01-22,6104.899902
2013-01-23,6092.529785
2013-01-24,6117.27002
2013-01-25,6167.640137
2013-01-28,6192.419922
2013-01-29,6234.72998
2013-01-30,6271.22998
2013-01-31,6242.740234
2013-02-01,6318.609863
2013-02-04,6435.97998
2013-02-05,6470.490234
2013-02-06,6431.350098
2013-02-07,6459.990234
2013-02-08,6458.669922
2013-02-11,6458.009766
2013-02-12,6459.930176
2013-02-13,6527.990234
2013-02-14,6513.410156
2013-02-15,6521.640137
2013-02-18,6565.22998
2013-02-19,6620.720215
2013-02-20,6648.569824
2013-02-21,6667.410156
2013-02-22,6665.060059
2013-02-25,6721.330078
2013-02-26,6630.669922
2013-02-27,6616.27002
2013-02-28,6721.450195
2013-03-01,6642.27002
2013-03-04,6637.560059
2013-03-05,6711.720215
2013-03-06,6835.209961
2013-03-07,6725.129883
2013-03-08,6833.77002
2013-03-11,6813.950195
2013-03-12,6786.419922
2013-03-13,6776.560059
2013-03-14,6694.709961
2013-03-15,6654.600098
2013-03-18,6536.180176
2013-03-19,6426.25
2013-03-20,6419.620117
2013-03-21,6472.97998
2013-03-22,6518.709961
2013-03-25,6597.589844
2013-03-26,6665.120117
2013-03-27,6847.470215
2013-04-01,6839.589844
2013-04-02,6748.430176
2013-04-03,6815.299805
2013-04-04,6783.720215
2013-04-05,6727.140137
2013-04-08,6732.220215
2013-04-10,6815.839844
2013-04-11,6831.740234
2013-04-12,6891.430176
2013-04-15,6837.77002
2013-04-16,6786.330078
2013-04-17,6850.259766
2013-04-18,6857.47998
2013-04-19,6957.100098
2013-04-22,7120.47998
2013-04-23,6982.359863
2013-04-24,6972.689941
2013-04-25,6995.459961
2013-04-26,7025.439941
2013-04-29,7028.350098
2013-04-30,7070.990234
2013-05-02,7093.419922
2013-05-03,7215.350098
2013-05-06,7170.649902
2013-05-07,7146.120117
2013-05-08,7181.299805
2013-05-09,7194.430176
2013-05-10,7262.379883
2013-05-14,7313.459961
2013-05-15,7392.200195
2013-05-16,7310.939941
2013-05-17,7279.870117
2013-05-20,7275.379883
2013-05-21,7327.580078
2013-05-22,7385.069824
2013-05-23,7314.379883
2013-05-24,7268.910156
2013-05-27,7097.509766
2013-05-28,7113.220215
2013-05-29,7228.569824
2013-05-30,6953.350098
2013-05-31,7021.950195
2013-06-03,6763.379883
2013-06-04,6673.470215
2013-06-05,6557.890137
2013-06-06,6609.009766
2013-06-07,6701.950195
2013-06-10,6875.600098
2013-06-11,6556.649902
2013-06-13,6114.080078
2013-06-14,6242.259766
2013-06-17,6339.410156
2013-06-18,6518.77002
2013-06-19,6513.200195
2013-06-20,6326.669922
2013-06-21,6182.169922
2013-06-24,5971.049805
2013-06-25,5789.060059
2013-06-26,6118.939941
2013-06-27,6328
2013-06-28,6465.279785
2013-07-01,6526.620117
2013-07-02,6448.180176
2013-07-03,6480.120117
2013-07-04,6464.259766
2013-07-05,6500.47998
2013-07-08,6318.910156
2013-07-09,6327.02002
2013-07-10,6308.180176
2013-07-11,6407.359863
2013-07-12,6574.209961
2013-07-15,6619.950195
2013-07-16,6583.549805
2013-07-17,6574.720215
2013-07-18,6648.350098
2013-07-19,6621.02002
2013-07-22,6627.359863
2013-07-23,6743.209961
2013-07-24,6804.160156
2013-07-25,6800.109863
2013-07-26,6763.620117
2013-07-29,6717.660156
2013-07-30,6728
2013-07-31,6639.120117
2013-08-01,6661.439941
2013-08-02,6533.950195
2013-08-05,6509.72998
2013-08-06,6420.779785
2013-08-07,6420.790039
2013-08-08,6404.22998
2013-08-12,6443.810059
2013-08-13,6554.620117
2013-08-14,6656.609863
2013-08-15,6580.709961
2013-08-16,6525.950195
2013-08-19,NA
2013-08-20,6525.950195
2013-08-22,6136.72998
2013-08-23,6161.209961
2013-08-27,5916.990234
2013-08-28,5738.060059
2013-08-29,5944.209961
2013-08-30,6075.169922
2013-09-02,6061.799805
2013-09-03,6083.910156
2013-09-04,5968.330078
2013-09-05,5959.220215
2013-09-06,5974.620117
2013-09-09,5997.040039
2013-09-10,6089.720215
2013-09-11,6214.899902
2013-09-12,6195.609863
2013-09-13,6133.240234
2013-09-16,6302.709961
2013-09-17,6344.140137
2013-09-18,6333.959961
2013-09-19,6511.700195
2013-09-20,6424.450195
2013-09-23,6477.939941
2013-09-24,6461.379883
2013-09-25,6420.419922
2013-09-26,6407.459961
2013-09-27,6379.810059
2013-09-30,6191.799805
2013-10-01,6197.839844
2013-10-02,6362.259766
2013-10-03,6387.649902
2013-10-04,6390.47998
2013-10-07,6443.209961
2013-10-08,6454.859863
2013-10-09,6377.75
2013-10-10,6435.970215
2013-10-11,6489.799805
2013-10-14,6442.700195
2013-10-16,6483.569824
2013-10-17,6560.879883
2013-10-18,6607.830078
2013-10-21,6597.560059
2013-10-22,6603.600098
2013-10-23,6635.109863
2013-10-24,6583.77002
2013-10-25,6539.810059
2013-10-29,6543.459961
2013-10-30,6597.209961
2013-10-31,6585.379883
2013-11-04,6543.390137
2013-11-05,6519.580078
2013-11-06,6477.299805
2013-11-07,6436.490234
2013-11-08,6355.180176
2013-11-11,6265.22998
2013-11-12,6324.169922
2013-11-13,6320.959961
2013-11-14,6327.879883
2013-11-15,6346.399902
2013-11-18,6343.25
2013-11-19,6267.850098
2013-11-20,6155.339844
2013-11-21,6122.890137
2013-11-22,6084.839844
2013-11-25,6004.259766
2013-11-26,6025.370117
2013-11-27,6053.870117
2013-11-28,6169.959961
2013-11-29,6208.819824
2013-12-02,6223.370117
2013-12-03,6179.5
2013-12-04,6105.22998
2013-12-05,6030.950195
2013-12-06,6014.939941
2013-12-09,6008.939941
2013-12-10,5886.399902
2013-12-11,5888.740234
2013-12-12,5762.529785
2013-12-13,5767.129883
2013-12-16,5812.540039
2013-12-17,5928.990234
2013-12-18,5961.549805
2013-12-19,5923.120117
2013-12-20,5835.129883
2013-12-23,5854.879883
2013-12-26,5878.319824
2013-12-27,5889.830078
2014-01-02,5984.259766
2014-01-03,5947.930176
2014-01-06,5985.810059
2014-01-07,5947.439941
2014-01-08,5986.47998
2014-01-09,5937.509766
2014-01-10,5842.879883
2014-01-13,5940.669922
2014-01-14,5935.560059
2014-01-15,5958.120117
2014-01-16,5982.240234
2014-01-17,5987.089844
2014-01-20,6005.600098
2014-01-21,6019.240234
2014-01-22,6139.859863
2014-01-23,6170.049805
2014-01-24,6191.5
2014-01-27,6081.609863
2014-01-28,6022.810059
2014-01-29,6069.839844
2014-01-30,6041.189941
2014-02-03,6015.299805
2014-02-04,5886.009766
2014-02-05,5908.410156
2014-02-06,5914.589844
2014-02-07,6011.140137
2014-02-10,6042.25
2014-02-11,6106.029785
2014-02-12,6112.310059
2014-02-13,6101.720215
2014-02-14,6113.660156
2014-02-17,6167.819824
2014-02-18,6193.970215
2014-02-19,6294.620117
2014-02-20,6352.759766
2014-02-21,6308.359863
2014-02-24,6296.319824
2014-02-26,6322.600098
2014-02-27,6354.790039
2014-02-28,6424.990234
2014-03-03,6407.52002
2014-03-04,6394.600098
2014-03-05,6456.140137
2014-03-06,6516.819824
2014-03-07,6481.830078
2014-03-10,6487.22998
2014-03-11,6529.580078
2014-03-12,6462.470215
2014-03-13,6429.790039
2014-03-14,6391.240234
2014-03-17,6399.990234
2014-03-18,6466.549805
2014-03-19,6462.490234
2014-03-20,6417.350098
2014-03-21,6339.259766
2014-03-24,6400.669922
2014-03-25,6336.339844
2014-03-26,6348.5
2014-03-27,6315.689941
2014-03-28,6359.620117
2014-03-31,6428.709961
2014-04-01,6514.720215
2014-04-02,6587.720215
2014-04-03,6587.080078
2014-04-04,6561.200195
2014-04-07,6614.399902
2014-04-08,6587.490234
2014-04-10,6638.890137
2014-04-11,6596.959961
2014-04-14,6589.549805
2014-04-15,6621.660156
2014-04-16,6671.180176
2014-04-21,6767.509766
2014-04-22,6784.950195
2014-04-23,6769.52002
2014-04-24,6731.330078
2014-04-25,6685.100098
2014-04-28,6604.350098
2014-04-29,6636.450195
2014-04-30,6707.910156
2014-05-02,6742.970215
2014-05-05,6766.459961
2014-05-06,6765.930176
2014-05-07,6748.509766
2014-05-08,6765.209961
2014-05-09,6847.259766
2014-05-12,6811.339844
2014-05-13,6852.810059
2014-05-14,6880.439941
2014-05-15,6849.330078
2014-05-16,6817.709961
2014-05-19,6870.899902
2014-05-20,6882.72998
2014-05-21,6762.379883
2014-05-22,6830.580078
2014-05-23,6811.330078
2014-05-26,6790.419922
2014-05-27,6780.259766
2014-05-28,6787.879883
2014-05-29,6676.669922
2014-05-30,6647.649902
2014-06-02,6710.399902
2014-06-03,6800.839844
2014-06-04,6766.569824
2014-06-05,6772.439941
2014-06-06,6762.620117
2014-06-09,6802.72998
2014-06-10,6777.97998
2014-06-11,6809.180176
2014-06-13,6784.950195
2014-06-16,6758.450195
2014-06-17,6704.930176
2014-06-18,6703.129883
2014-06-19,6699.390137
2014-06-20,6730.959961
2014-06-23,6761.990234
2014-06-24,6793.069824
2014-06-25,6834.680176
2014-06-26,6892.180176
2014-06-27,6842.149902
2014-06-30,6844.310059
2014-07-01,6826.609863
2014-07-02,6850.600098
2014-07-03,6899.310059
2014-07-04,6962.279785
2014-07-07,6999.100098
2014-07-08,6948.52002
2014-07-09,6903.790039
2014-07-10,6937.209961
2014-07-11,6901.089844
2014-07-14,6830.370117
2014-07-15,6834.040039
2014-07-16,NA
2014-07-17,6867.359863
2014-07-18,6853.069824
2014-07-21,6874.879883
2014-07-22,6869.939941
2014-07-23,6892.919922
2014-07-24,6889.890137
2014-07-25,6889.549805
2014-07-28,6850.470215
2014-07-29,NA
2014-07-30,6867.589844
2014-07-31,6864.819824
2014-08-01,6894.22998
2014-08-04,6998.370117
2014-08-05,6974
2014-08-06,6948.970215
2014-08-07,6955.209961
2014-08-08,6880.339844
2014-08-11,6956.660156
2014-08-12,6983.490234
2014-08-13,6986.240234
2014-08-14,7061
2014-08-15,7008.509766
2014-08-18,7027.580078
2014-08-19,7082.75
2014-08-20,7096.490234
2014-08-22,7133.089844
2014-08-26,7146.350098
2014-08-27,7160.459961
2014-08-28,7100.700195
2014-08-29,7050.890137
2014-09-01,7083.490234
2014-09-02,7106.560059
2014-09-03,7206.02002
2014-09-04,7204.109863
2014-09-05,7263.580078
2014-09-08,7314.939941
2014-09-09,7253.669922
2014-09-10,7212.779785
2014-09-11,7202.060059
2014-09-12,7201.879883
2014-09-15,7161.27002
2014-09-16,7180.339844
2014-09-17,7231.839844
2014-09-18,7287.290039
2014-09-19,NA
2014-09-22,7279.859863
2014-09-23,7271.620117
2014-09-24,7355.290039
2014-09-25,7294.209961
2014-09-26,7261.299805
2014-09-29,7265.359863
2014-09-30,7283.069824
2014-10-01,7268.060059
2014-10-02,7196.259766
2014-10-03,7247.029785
2014-10-06,NA
2014-10-07,7239.379883
2014-10-08,7185.680176
2014-10-09,7201.890137
2014-10-10,7167.350098
2014-10-13,6968.089844
2014-10-14,6946.060059
2014-10-15,6991.189941
2014-10-16,7028.580078
2014-10-17,7003.220215
2014-10-20,7057.529785
2014-10-21,7068.029785
2014-10-22,7154.220215
2014-10-23,7116.129883
2014-10-24,7103.549805
2014-10-27,7103.540039
2014-10-28,7066.740234
2014-10-29,7093.310059
2014-10-30,7170.990234
2014-10-31,7215.72998
2014-11-03,7312.850098
2014-11-04,7222.009766
2014-11-05,7208.810059
2014-11-06,7236.629883
2014-11-07,7205.720215
2014-11-10,7192.120117
2014-11-11,7204.549805
2014-11-12,7232.870117
2014-11-13,7198.629883
2014-11-14,7217.339844
2014-11-17,7229.720215
2014-11-18,7275.660156
2014-11-19,7269.490234
2014-11-20,7268.950195
2014-11-21,7276.180176
2014-11-24,7325.129883
2014-11-25,7286.850098
2014-11-26,7356.589844
2014-11-27,7265.339844
2014-11-28,7294.379883
2014-12-01,7331.72998
2014-12-02,7344.22998
2014-12-03,7360.75
2014-12-04,7299.850098
2014-12-05,7230.560059
2014-12-08,NA
2014-12-09,7183.870117
2014-12-10,7175.080078
2014-12-11,7072.100098
2014-12-12,7224.209961
2014-12-15,7275.620117
2014-12-16,7160.379883
2014-12-17,6966.209961
2014-12-18,7029.279785
2014-12-19,7125.629883
2014-12-22,7139.27002
2014-12-23,7186.319824
2014-12-29,7230.569824
2015-01-05,7276.629883
2015-01-06,7277.740234
2015-01-07,7309.700195
2015-01-08,7367.629883
2015-01-09,7402.720215
2015-01-12,7358.359863
2015-01-13,7399
2015-01-14,7490.879883
2015-01-15,NA
2015-01-16,NA
2015-01-19,7485.319824
2015-01-20,7452.810059
2015-01-21,7474.100098
2015-01-22,7416.310059
2015-01-23,7548.930176
2015-01-26,7586.669922
2015-01-27,7630.569824
2015-01-28,7661.180176
2015-01-29,7617.299805
2015-01-30,7689.910156
2015-02-02,7630.709961
2015-02-03,7613.149902
2015-02-04,7716.060059
2015-02-05,7674.240234
2015-02-06,7728.180176
2015-02-09,7782.569824
2015-02-10,7723.140137
2015-02-11,7686.430176
2015-02-12,7714.589844
2015-02-13,7773.450195
2015-02-16,7784.649902
2015-02-17,7793.399902
2015-02-18,7803.450195
2015-02-20,7825.390137
2015-02-23,7826.069824
2015-02-24,7834.859863
2015-02-25,7844.060059
2015-02-26,7764.390137
2015-02-27,7730.569824
2015-03-02,7773.919922
2015-03-03,7776.509766
2015-03-04,7847.830078
2015-03-05,7819.040039
2015-03-06,7861.330078
2015-03-09,7820.290039
2015-03-10,7828.47998
2015-03-11,7790.700195
2015-03-12,7839.819824
2015-03-13,7809.540039
2015-03-16,7730.950195
2015-03-17,7789.100098
2015-03-18,7756.580078
2015-03-19,7814.549805
2015-03-20,7818.379883
2015-03-23,7840.490234
2015-03-24,7828.939941
2015-03-25,7836.339844
2015-03-26,7871.100098
2015-03-27,7877.959961
2015-03-30,7899.410156
2015-03-31,7940.490234
2015-04-01,7993.089844
2015-04-06,8053.740234
2015-04-07,8098.680176
2015-04-08,8052.689941
2015-04-10,8127.47998
2015-04-13,8073.25
2015-04-14,8056.490234
2015-04-15,7906.459961
2015-04-16,7948.200195
2015-04-17,7946.890137
2015-04-20,7865.27002
2015-04-21,7846.939941
2015-04-22,7833.029785
2015-04-23,7892.049805
2015-04-24,7947.25
2015-04-27,7958.069824
2015-04-28,7886.569824
2015-04-29,7825.470215
2015-04-30,7714.819824
2015-05-04,7816.439941
2015-05-05,7919.209961
2015-05-06,7873.640137
2015-05-07,7816.27002
2015-05-08,7763.209961
2015-05-11,7777.899902
2015-05-12,7794.549805
2015-05-13,7808.350098
2015-05-14,7831.439941
2015-05-15,7881.950195
2015-05-18,7910.430176
2015-05-19,7871.310059
2015-05-20,7881.930176
2015-05-21,7835.379883
2015-05-22,7810.169922
2015-05-25,7761.529785
2015-05-26,7728.5
2015-05-27,7598.700195
2015-05-28,7505.029785
2015-05-29,7580.459961
2015-06-01,7670.370117
2015-06-02,7551.959961
2015-06-03,7561.669922
2015-06-04,7553.649902
2015-06-05,7526.700195
2015-06-08,7484.890137
2015-06-09,7323.439941
2015-06-10,7384.27002
2015-06-11,7503.720215
2015-06-15,7456.160156
2015-06-16,7505.47998
2015-06-17,7536.310059
2015-06-18,7606.859863
2015-06-19,7601.169922
2015-06-22,7609.140137
2015-06-23,7551.560059
2015-06-24,7643.330078
2015-06-25,7581.910156
2015-06-26,7622.049805
2015-06-29,7567.379883
2015-06-30,7564.5
2015-07-01,7575.149902
2015-07-02,7578.310059
2015-07-03,7535.299805
2015-07-06,7455.149902
2015-07-07,7442.649902
2015-07-08,7363.430176
2015-07-09,7377.689941
2015-07-10,7392.589844
2015-07-13,7496.330078
2015-07-14,7538.759766
2015-07-15,7559.040039
2015-07-16,7617.129883
2015-07-17,NA
2015-07-20,7541.169922
2015-07-21,7627.959961
2015-07-22,7635.620117
2015-07-23,7653.220215
2015-07-24,7665.52002
2015-07-27,7547.439941
2015-07-28,7479.029785
2015-07-29,7482.830078
2015-07-30,7510.390137
2015-07-31,7550
2015-08-03,7573.259766
2015-08-04,7598.290039
2015-08-05,7662.549805
2015-08-06,7589.950195
2015-08-07,7532.52002
2015-08-10,7534.350098
2015-08-11,7570.450195
2015-08-12,7495.430176
2015-08-13,7439.799805
2015-08-14,7408.439941
2015-08-17,7336.839844
2015-08-18,7333.450195
2015-08-19,7344.72998
2015-08-20,7278.97998
2015-08-24,6791.009766
2015-08-25,6830.339844
2015-08-26,6867.919922
2015-08-27,7022.089844
2015-08-28,7098.810059
2015-09-01,7086.859863
2015-09-02,7072.459961
2015-09-03,7098.759766
2015-09-04,7051.779785
2015-09-07,6926.819824
2015-09-08,6891.299805
2015-09-09,6942.470215
2015-09-10,6893.540039
2015-09-11,6911.379883
2015-09-14,7069.180176
2015-09-15,7089.009766
2015-09-16,7093.919922
2015-09-17,7123.990234
2015-09-18,7131.910156
2015-09-21,7092.410156
2015-09-22,7051.22998
2015-09-23,6926.910156
2015-09-24,6917.549805
2015-09-25,NA
2015-09-28,6815.589844
2015-09-29,6859.290039
2015-09-30,6893.97998
2015-10-01,6890.939941
2015-10-02,6850.609863
2015-10-05,6961.930176
2015-10-06,7055.490234
2015-10-07,7108.799805
2015-10-08,7106.790039
2015-10-09,7138.910156
2015-10-12,7150.290039
2015-10-13,7013.439941
2015-10-14,6924.77002
2015-10-15,7045.399902
2015-10-16,7055.740234
2015-10-19,7054.859863
2015-10-20,7060.850098
2015-10-21,7092.899902
2015-10-22,7117.779785
2015-10-23,7236.379883
2015-10-26,7324.399902
2015-10-27,7325.759766
2015-10-28,7289.259766
2015-10-29,7189.25
2015-10-30,7134.259766
2015-11-02,NA
2015-11-03,7210.72998
2015-11-04,7201.02002
2015-11-05,7122.450195
2015-11-06,7118.200195
2015-11-09,7070.189941
2015-11-10,7000.109863
2015-11-11,6983.720215
2015-11-12,6909.819824
2015-11-13,6897.77002
2015-11-16,6772.919922
2015-11-17,6825.379883
2015-11-18,NA
2015-11-19,NA
2015-11-20,6932.810059
2015-11-23,6996.189941
2015-11-24,6992.600098
2015-11-25,7059.140137
2015-11-26,7063.25
2015-11-27,6927.069824
2015-12-01,7060.600098
2015-12-02,7047.080078
2015-12-03,6994.100098
2015-12-04,6921.930176
2015-12-07,6911.859863
2015-12-08,6838.419922
2015-12-09,6848.25
2015-12-10,6820.600098
2015-12-11,6735.009766
2015-12-14,6745.990234
2015-12-15,6701.350098
2015-12-16,6807.720215
2015-12-17,6905.700195
2015-12-18,6867.069824
2015-12-21,6910.339844
2015-12-22,6966.180176
2015-12-23,7002.419922
2015-12-28,6983.609863
2015-12-29,6952.080078
2016-01-04,6833.419922
2016-01-05,6835.129883
2016-01-06,6813.899902
2016-01-07,6618.879883
2016-01-08,6575.430176
2016-01-11,6288.259766
2016-01-12,6330.549805
2016-01-13,6494.129883
2016-01-14,6408.759766
2016-01-15,6449.5
2016-01-18,6335.089844
2016-01-19,6357.049805
2016-01-20,6259.609863
2016-01-21,6084.279785
2016-01-22,6208.049805
2016-01-25,6434.080078
2016-01-26,6311.600098
2016-01-27,6507.220215
2016-01-28,6563.379883
2016-01-29,6687.620117
2016-02-01,6701.359863
2016-02-02,6642.450195
2016-02-03,6521.47998
2016-02-04,6652.830078
2016-02-05,6765.129883
2016-02-09,6637.430176
2016-02-10,6637.47998
2016-02-11,6663.430176
2016-02-12,6654.450195
2016-02-15,6692.580078
2016-02-16,6743.950195
2016-02-17,6756.819824
2016-02-18,6848.870117
2016-02-19,6792.060059
2016-02-22,6783.080078
2016-02-23,6819.339844
2016-02-24,6769.259766
2016-02-26,6771.299805
2016-02-29,6671.040039
2016-03-01,6729.529785
2016-03-02,6882.450195
2016-03-03,6963.439941
2016-03-04,6899.069824
2016-03-07,6892.689941
2016-03-08,6915.509766
2016-03-09,6948.180176
2016-03-10,7048.080078
2016-03-11,7098.640137
2016-03-14,7112.890137
2016-03-15,7148.259766
2016-03-16,7065.390137
2016-03-17,7210.899902
2016-03-18,7306.740234
2016-03-21,7376.410156
2016-03-22,7342.029785
2016-03-23,7360.049805
2016-03-28,7334.52002
2016-03-29,7274.399902
2016-03-30,7299.22998
2016-03-31,7262.299805
2016-04-01,7245.129883
2016-04-04,7254.529785
2016-04-05,7219.22998
2016-04-06,7180.549805
2016-04-07,7232.970215
2016-04-08,7247.200195
2016-04-11,7291.430176
2016-04-12,7306.560059
2016-04-13,7341
2016-04-14,7357.279785
2016-04-15,7321.299805
2016-04-18,7243.399902
2016-04-19,7215.089844
2016-04-20,7201.370117
2016-04-21,7257.850098
2016-04-22,7255.390137
2016-04-25,7250.129883
2016-04-26,7211.919922
2016-04-27,7180.529785
2016-04-28,7162.560059
2016-04-29,7159.290039
2016-05-02,7053.879883
2016-05-03,7046.569824
2016-05-04,7081.859863
2016-05-05,6999.75
2016-05-06,6991.870117
2016-05-09,NA
2016-05-10,7174.879883
2016-05-11,7396.52002
2016-05-12,7325.040039
2016-05-13,7436.790039
2016-05-16,7511.740234
2016-05-17,7524.839844
2016-05-18,7534.299805
2016-05-19,7427.330078
2016-05-20,7299.029785
2016-05-23,7306.689941
2016-05-24,7356.720215
2016-05-25,7463.950195
2016-05-26,7376.379883
2016-05-27,7411.680176
2016-05-30,7464.339844
2016-05-31,7401.600098
2016-06-01,7500.790039
2016-06-02,7464.589844
2016-06-03,7514.220215
2016-06-06,7598.220215
2016-06-07,7710.540039
2016-06-08,7722.790039
2016-06-09,7536.649902
2016-06-10,7509.939941
2016-06-13,7554.399902
2016-06-14,7460.120117
2016-06-15,7501.649902
2016-06-16,7564.470215
2016-06-17,7622.069824
2016-06-20,7665.330078
2016-06-21,7767.22998
2016-06-22,7756.370117
2016-06-23,7729.779785
2016-06-24,7629.720215
2016-06-27,7715.899902
2016-06-28,7666.689941
2016-06-29,7798.529785
2016-06-30,7796.25
2016-07-01,7830.350098
2016-07-04,7846.540039
2016-07-05,7808.129883
2016-07-06,NA
2016-07-07,7753.459961
2016-07-08,7771.52002
2016-07-11,7865.27002
2016-07-12,7937.950195
2016-07-13,7944.02002
2016-07-14,7956.140137
2016-07-15,8030.060059
2016-07-18,7986.25
2016-07-19,8036.009766
2016-07-20,8051.970215
2016-07-21,8102.299805
2016-07-22,8025.350098
2016-07-25,8049.129883
2016-07-26,8024.540039
2016-07-27,8100.47998
2016-07-28,8024.97998
2016-07-29,7963.109863
2016-08-01,8069.810059
2016-08-02,8037.779785
2016-08-03,7888.439941
2016-08-04,7978.569824
2016-08-05,7970.350098
2016-08-08,7993.580078
2016-08-09,8055.060059
2016-08-10,8051.399902
2016-08-11,7981.350098
2016-08-12,7955.859863
2016-08-15,7960.169922
2016-08-16,7983.379883
2016-08-17,7946.189941
2016-08-18,7952.810059
2016-08-19,7930.75
2016-08-22,7981.209961
2016-08-23,7935.180176
2016-08-24,7866.129883
2016-08-25,7854.540039
2016-08-26,7845.490234
2016-08-30,7794.930176
2016-08-31,7787.370117
2016-09-01,7773.310059
2016-09-02,7807.419922
2016-09-05,7764.049805
2016-09-06,7719.180176
2016-09-07,7619.100098
2016-09-08,7667.069824
2016-09-09,7581.790039
2016-09-12,NA
2016-09-13,7550.27002
2016-09-14,7546.009766
2016-09-15,7708.419922
2016-09-16,7553.759766
2016-09-19,7575.839844
2016-09-20,7671.720215
2016-09-21,7675.419922
2016-09-22,7762.350098
2016-09-23,7723.600098
2016-09-26,7632.459961
2016-09-27,7557.339844
2016-09-28,7586.959961
2016-09-29,7714.859863
2016-09-30,7629.72998
2016-10-03,7677.72998
2016-10-04,7719.240234
2016-10-05,7639.790039
2016-10-06,7620.160156
2016-10-07,7578.290039
2016-10-10,7534.709961
2016-10-11,7520.819824
2016-10-12,7429.819824
2016-10-13,7312.180176
2016-10-14,7389.299805
2016-10-17,7358.209961
2016-10-18,7571.149902
2016-10-19,7721.569824
2016-10-20,7713.319824
2016-10-21,7650.220215
2016-10-24,7609.310059
2016-10-25,7580.220215
2016-10-26,7494.410156
2016-10-27,7445.140137
2016-10-28,7404.799805
2016-11-02,7252.399902
2016-11-03,7160.910156
2016-11-04,7227.370117
2016-11-07,7197.189941
2016-11-08,7307.799805
2016-11-09,7119.040039
2016-11-10,7181.870117
2016-11-11,6975.089844
2016-11-14,6871.47998
2016-11-15,6857.149902
2016-11-16,6966.279785
2016-11-17,7050.120117
2016-11-18,7067.72998
2016-11-21,6979.060059
2016-11-22,6802.72998
2016-11-23,6836.640137
2016-11-24,6873.310059
2016-11-25,6889.779785
2016-11-28,6825.399902
2016-11-29,6781.200195
2016-12-01,6864.870117
2016-12-02,6886.740234
2016-12-05,6776.410156
2016-12-06,6806.140137
2016-12-07,6866.810059
2016-12-08,7022.379883
2016-12-09,7043.160156
2016-12-12,6868.890137
2016-12-13,6880.910156
2016-12-14,6928.339844
2016-12-15,6855.310059
2016-12-16,6850.709961
2016-12-19,6714.129883
2016-12-20,6658.660156
2016-12-21,6686.359863
2016-12-22,6587.169922
2016-12-23,6563.669922
2016-12-26,NA
2016-12-27,6658.200195
2016-12-28,6846.439941
2016-12-29,6840.640137
2017-01-03,6861.310059
2017-01-04,7030.950195
2017-01-05,7209.439941
2017-01-06,7248.200195
2017-01-09,7276.339844
2017-01-10,7364.339844
2017-01-11,7321.819824
2017-01-12,7264.549805
2017-01-13,7238.52002
2017-01-16,7238.450195
2017-01-17,7123.330078
2017-01-18,7156.359863
2017-01-19,7246.080078
2017-01-20,7232.660156
2017-01-23,7374.350098
2017-01-24,7370.649902
2017-01-25,7323.359863
2017-01-26,7332.640137
2017-01-27,7333.669922
2017-01-30,7336.709961
2017-01-31,7229.660156
2017-02-01,7227.450195
2017-02-02,7225.910156
2017-02-03,7226.700195
2017-02-06,7294.399902
2017-02-07,7262.640137
2017-02-08,7234.819824
2017-02-09,7252.660156
2017-02-10,7235.209961
2017-02-13,7294.669922
2017-02-14,7206.839844
2017-02-15,7174.299805
2017-02-16,7283.25
2017-02-17,7244.790039
2017-02-20,7281.189941
2017-02-21,7282.680176
2017-02-22,7304.450195
2017-02-23,7335.560059
2017-02-24,7258.990234
2017-02-27,7232.470215
2017-02-28,7212.089844
2017-03-01,7170.700195
2017-03-02,7234.939941
2017-03-03,7247.120117
2017-03-06,7313.870117
2017-03-07,7294.52002
2017-03-08,7294.560059
2017-03-09,7295.450195
2017-03-10,7146.27002
2017-03-13,7233.089844
2017-03-14,7261.75
2017-03-15,7253.790039
2017-03-16,7278.600098
2017-03-17,7345.02002
2017-03-20,7316.569824
2017-03-21,7323.310059
2017-03-22,7254.930176
2017-03-23,7301.029785
2017-03-24,7269.620117
2017-03-27,7245.970215
2017-03-28,7331.459961
2017-03-29,7324
2017-03-30,7332.589844
2017-03-31,7311.720215
2017-04-03,7341.649902
2017-04-04,7446.490234
2017-04-05,7584.209961
2017-04-06,7565.319824
2017-04-07,7583.75
2017-04-10,7617.910156
2017-04-11,7601.399902
2017-04-12,7629.640137
2017-04-17,7588.529785
2017-04-18,7588.97998
2017-04-19,7522.97998
2017-04-20,7563.450195
2017-04-21,7578.160156
2017-04-24,7588.879883
2017-04-25,7700.459961
2017-04-26,7726.450195
2017-04-27,7661.009766
2017-04-28,NA
2017-05-02,7703.100098
2017-05-03,7682.259766
2017-05-04,7755.75
2017-05-05,7841.990234
2017-05-08,7962.330078
2017-05-09,7923.5
2017-05-10,7794.169922
2017-05-11,7816.399902
2017-05-12,7815.529785
2017-05-15,7772.930176
2017-05-16,7791.069824
2017-05-17,7826.529785
2017-05-18,7757.689941
2017-05-19,7767.620117
2017-05-22,7806.569824
2017-05-23,7812.140137
2017-05-24,7837.819824
2017-05-25,7871.649902
2017-05-26,7867.490234
2017-05-29,7886.029785
2017-05-30,7860.77002
2017-05-31,7837.120117
2017-06-01,7927.490234
2017-06-02,7907.660156
2017-06-05,8001.379883
2017-06-06,7953.120117
2017-06-07,8002.319824
2017-06-08,7958.629883
2017-06-09,7990.240234
2017-06-12,NA
2017-06-13,7917.890137
2017-06-14,7966.009766
2017-06-15,7964.490234
2017-06-16,7882.220215
2017-06-19,7943.75
2017-06-20,7917.859863
2017-06-21,7886.370117
2017-06-22,7858.339844
2017-06-23,7814.169922
2017-06-26,NA
2017-06-27,7876.370117
2017-06-28,7857.180176
2017-06-29,7788.060059
2017-06-30,7843.160156
2017-07-03,7866.52002
2017-07-04,7833.959961
2017-07-05,7848.839844
2017-07-06,7888.310059
2017-07-07,7889.330078
2017-07-10,7837.470215
2017-07-11,7858.140137
2017-07-12,7938.370117
2017-07-13,7936.850098
2017-07-14,7885.899902
2017-07-17,7934.5
2017-07-18,7952.919922
2017-07-19,7972.899902
2017-07-20,7904.339844
2017-07-21,7989.72998
2017-07-24,7962.640137
2017-07-25,7971.720215
2017-07-26,8037.509766
2017-07-27,8045.779785
2017-07-28,8071.470215
2017-07-31,8018.049805
2017-08-01,7906.600098
2017-08-02,7872.649902
2017-08-03,7876.660156
2017-08-04,7932.819824
2017-08-07,7992.27002
2017-08-08,7986.509766
2017-08-09,7985.830078
2017-08-10,7966.25
2017-08-11,7928.430176
2017-08-14,7962.120117
2017-08-15,8009.410156
2017-08-16,8046.589844
2017-08-17,8072.75
2017-08-18,8016.72998
2017-08-21,8016.72998
2017-08-22,8015.930176
2017-08-23,7998.75
2017-08-24,8004.930176
2017-08-25,8015.140137
2017-08-28,NA
2017-08-29,7948.390137
2017-08-30,7956.72998
2017-08-31,7958.569824
2017-09-01,NA
2017-09-04,8035.200195
2017-09-05,8049.350098
2017-09-06,7983.970215
2017-09-07,8022.97998
2017-09-08,8022.75
2017-09-11,8049.310059
2017-09-12,NA
2017-09-13,8053.879883
2017-09-14,8144.910156
2017-09-15,8180.850098
2017-09-18,8294.139648
2017-09-19,8162.700195
2017-09-20,8219.320313
2017-09-21,8286.860352
2017-09-22,8281.269531
2017-09-25,8244.730469
2017-09-26,8170.140137
2017-09-27,8221.919922
2017-09-28,8156.040039
2017-09-29,8171.430176
2017-10-02,8256.280273
2017-10-03,8312.929688
2017-10-04,8344.049805
2017-10-05,8294.009766
2017-10-06,8310.879883
2017-10-09,8367.379883
2017-10-10,8398.040039
2017-10-11,8358.469727
2017-10-12,8402.80957
2017-10-13,8447.94043
2017-10-16,NA
2017-10-17,8497.740234
2017-10-18,8431.730469
2017-10-19,8487.370117
2017-10-20,8420.950195
2017-10-23,8348.320313
2017-10-24,8279.919922
2017-10-25,8303.349609
2017-10-26,8267.919922
2017-10-27,8295.950195
2017-10-30,8365.259766
2017-10-31,NA
2017-11-01,NA
2017-11-02,8516.019531
2017-11-03,8376.129883
2017-11-06,8523.070313
2017-11-07,8521.80957
2017-11-08,8508.490234
2017-11-09,8519.820313
2017-11-10,8433.480469
2017-11-13,8330.019531
2017-11-14,8379.639648
2017-11-15,8273.44043
2017-11-16,8206.44043
2017-11-17,8311.080078
2017-11-20,8321.980469
2017-11-21,8289.19043
2017-11-22,8265.679688
2017-11-23,8343.230469
2017-11-24,8365.110352
2017-11-27,8361.69043
2017-11-28,8291.879883
2017-11-29,8254.030273
2017-11-30,8254.030273
2017-12-01,8144.02002
2017-12-04,8084.450195
2017-12-05,8093.629883
2017-12-06,8129.620117
2017-12-07,8174.930176
2017-12-08,8304.700195
2017-12-11,8358.570313
2017-12-12,8334.05957
2017-12-13,8359.610352
2017-12-14,8461.05957
2017-12-15,8337.040039
2017-12-18,8422.820313
2017-12-19,8365.959961
2017-12-20,8362.610352
2017-12-21,8378.280273
2017-12-22,8432.30957
2017-12-25,NA
2017-12-26,NA
2017-12-27,8490.910156
2017-12-28,8535.089844
2017-12-29,8558.419922
2018-01-01,NA
2018-01-02,NA
2018-01-03,8724.129883
2018-01-04,8739.830078
2018-01-05,8770
2018-01-08,8745.120117
2018-01-09,8923.719727
2018-01-10,8920.290039
2018-01-11,8813.25
2018-01-12,8814.620117
2018-01-15,8857.719727
2018-01-16,8865.129883
2018-01-17,8848.990234
2018-01-18,8820.740234
2018-01-19,8915.919922
2018-01-22,8950.620117
2018-01-23,8999.019531
2018-01-24,8920.230469
2018-01-25,8999.169922
2018-01-26,9041.200195
2018-01-29,9058.620117
2018-01-30,8910.480469
2018-01-31,8764.009766
2018-02-01,8738.719727
2018-02-02,8810.75
2018-02-05,8616
2018-02-06,8550.419922
2018-02-07,8667.55957
2018-02-08,8645.080078
2018-02-09,8503.69043
2018-02-12,8487.910156
2018-02-13,8570.139648
2018-02-14,8598.110352
2018-02-15,8612.44043
2018-02-16,NA
2018-02-19,8710.219727
2018-02-20,8722.700195
2018-02-21,8613.650391
2018-02-22,8515.570313
2018-02-23,8467.55957
2018-02-26,8499.980469
2018-02-27,8592.379883
2018-02-28,8475.290039
2018-03-01,8465.769531
2018-03-02,8458.570313
2018-03-05,8386.169922
2018-03-06,8360.219727
2018-03-07,8404.69043
2018-03-08,8381.849609
2018-03-09,8372.509766
2018-03-12,8453.5
2018-03-13,8419.570313
2018-03-14,8348.740234
2018-03-15,8190.009766
2018-03-16,8238.150391
2018-03-19,8235.540039
2018-03-20,8059.600098
2018-03-21,7909.069824
2018-03-22,8124.450195
2018-03-23,7970.799805
2018-03-26,7932.379883
2018-03-27,8047.029785
2018-03-28,7979.830078
2018-03-29,NA
2018-03-30,NA
2018-04-02,8039.450195
2018-04-03,8048.720215
2018-04-04,7997.669922
2018-04-05,8022.160156
2018-04-06,7945.660156
2018-04-09,NA
2018-04-10,7934.680176
2018-04-11,7943.930176
2018-04-12,8043.069824
2018-04-13,7899.97998
2018-04-16,7870.25
2018-04-17,7723.390137
2018-04-18,7793.129883
2018-04-19,7682.240234
2018-04-20,7726.720215
2018-04-23,7719.470215
2018-04-24,7600.359863
2018-04-25,7557.910156
2018-04-26,7617.419922
2018-04-27,7721.02002
2018-04-30,7819.25
2018-05-01,NA
2018-05-02,7736.069824
2018-05-03,7535.100098
2018-05-04,7546.189941
2018-05-07,7533.279785
2018-05-08,7577.569824
2018-05-09,7555.27002
2018-05-10,7571
2018-05-11,7752.109863
2018-05-14,NA
2018-05-15,7885.970215
2018-05-16,7869.560059
2018-05-17,7694.120117
2018-05-18,7672.279785
2018-05-21,7658.049805
2018-05-22,7646.200195
2018-05-23,7560.470215
2018-05-24,7652.529785
2018-05-25,7647.509766
2018-05-28,7642.899902
2018-05-29,7602.359863
2018-05-30,7470.140137
2018-05-31,7497.169922
2018-06-01,7630.259766
2018-06-04,7579.609863
2018-06-05,7685.759766
2018-06-06,7689.140137
2018-06-07,7803.310059
2018-06-08,7740.740234
2018-06-11,7771.299805
2018-06-12,NA
2018-06-13,7602.97998
2018-06-14,7529.540039
2018-06-15,NA
2018-06-18,7414.109863
2018-06-19,7312.609863
2018-06-20,7261.620117
2018-06-21,7098.149902
2018-06-22,7063.200195
2018-06-25,6986.879883
2018-06-26,7007.209961
2018-06-27,7176.430176
2018-06-28,7066.569824
2018-06-29,7193.680176
2018-07-02,7227.959961
2018-07-03,7267.339844
2018-07-04,7348.419922
2018-07-05,7233.569824
2018-07-06,7186.709961
2018-07-09,7186.620117
2018-07-10,7233.290039
2018-07-11,7333.72998
2018-07-12,7350.580078
2018-07-13,7399.180176
2018-07-16,7369.439941
2018-07-17,7381.680176
2018-07-18,7451.370117
2018-07-19,7387.870117
2018-07-20,7399.609863
2018-07-23,7376.799805
2018-07-24,7447.02002
2018-07-25,7514
2018-07-26,7665.850098
2018-07-27,7701.379883
2018-07-30,7773.319824
2018-07-31,7672
